what,kind,bundleId,bundleVersion,description,time
java.specification.version,sysinfo,,,"1.8",1694568387091
java.vendor,sysinfo,,,"Oracle Corporation",1694568387091
java.version,sysinfo,,,"1.8.0_111",1694568387091
java.vm.info,sysinfo,,,"mixed mode",1694568387091
java.vm.name,sysinfo,,,"Java HotSpot(TM) 64-Bit Server VM",1694568387091
java.vm.specification.name,sysinfo,,,"Java Virtual Machine Specification",1694568387091
java.vm.specification.vendor,sysinfo,,,"Oracle Corporation",1694568387091
java.vm.specification.version,sysinfo,,,"1.8",1694568387091
java.vm.vendor,sysinfo,,,"Oracle Corporation",1694568387091
java.vm.version,sysinfo,,,"25.111-b14",1694568387091
started,bundle,org.eclipse.m2e.usagedata,1.0.100.20110804-1717,"org.eclipse.m2e.usagedata",1694568387098
started,bundle,org.eclipse.pde.core,3.7.1.v20110822-2108,"org.eclipse.pde.core",1694568387103
started,bundle,org.eclipse.libra.facet,0.1.2.201202130952,"org.eclipse.libra.facet",1694568387104
deactivated,workbench,org.eclipse.ui.workbench,3.7.0.I20110519-0100,"",1694568387466
started,bundle,org.eclipse.epp.usagedata.ui,1.3.1.R201106061540,"org.eclipse.epp.usagedata.ui",1694568388157
activated,workbench,org.eclipse.ui.workbench,3.7.0.I20110519-0100,"",1694568391880
started,bundle,org.eclipse.ui.navigator,3.5.100.v20110809-2227,"org.eclipse.ui.navigator",1694568393050
activated,view,org.eclipse.jdt.ui,3.7.1.r371_v20110824-0800,"org.eclipse.jdt.ui.PackageExplorer",1694568393051
started,bundle,org.eclipse.compare,3.5.201.R37x_v20110817-0800,"org.eclipse.compare",1694568399824
deactivated,workbench,org.eclipse.ui.workbench,3.7.0.I20110519-0100,"",1694568413779
activated,workbench,org.eclipse.ui.workbench,3.7.0.I20110519-0100,"",1694568486858
deactivated,workbench,org.eclipse.ui.workbench,3.7.0.I20110519-0100,"",1694568495275
activated,workbench,org.eclipse.ui.workbench,3.7.0.I20110519-0100,"",1694568500451
deactivated,workbench,org.eclipse.ui.workbench,3.7.0.I20110519-0100,"",1694568507649
started,bundle,org.eclipse.wb.core.lib,1.1.0.r37x201109091012,"org.eclipse.wb.core.lib",1694568522355
started,bundle,org.eclipse.wb.core,1.1.0.r37x201109091012,"org.eclipse.wb.core",1694568522429
started,bundle,org.eclipse.jst.common.project.facet.core,1.4.200.v201103170302,"org.eclipse.jst.common.project.facet.core",1694568523029
started,bundle,org.eclipse.jst.ws.jaxrs.core,1.0.301.v201108240656,"org.eclipse.jst.ws.jaxrs.core",1694568523038
activated,workbench,org.eclipse.ui.workbench,3.7.0.I20110519-0100,"",1694568523065
opened,editor,org.eclipse.jdt.ui,3.7.1.r371_v20110824-0800,"org.eclipse.jdt.ui.CompilationUnitEditor",1694568523149
activated,editor,org.eclipse.jdt.ui,3.7.1.r371_v20110824-0800,"org.eclipse.jdt.ui.CompilationUnitEditor",1694568523185
activated,view,org.eclipse.jdt.ui,3.7.1.r371_v20110824-0800,"org.eclipse.jdt.ui.PackageExplorer",1694568524374
deactivated,workbench,org.eclipse.ui.workbench,3.7.0.I20110519-0100,"",1694568537019
activated,workbench,org.eclipse.ui.workbench,3.7.0.I20110519-0100,"",1694568548088
activated,editor,org.eclipse.jdt.ui,3.7.1.r371_v20110824-0800,"org.eclipse.jdt.ui.CompilationUnitEditor",1694568548182
activated,editor,org.eclipse.jdt.ui,3.7.1.r371_v20110824-0800,"org.eclipse.jdt.ui.CompilationUnitEditor",1694568548204
closed,editor,org.eclipse.jdt.ui,3.7.1.r371_v20110824-0800,"org.eclipse.jdt.ui.CompilationUnitEditor",1694568548226
deactivated,workbench,org.eclipse.ui.workbench,3.7.0.I20110519-0100,"",1694568549843
opened,editor,org.eclipse.jdt.ui,3.7.1.r371_v20110824-0800,"org.eclipse.jdt.ui.CompilationUnitEditor",1694568553090
activated,workbench,org.eclipse.ui.workbench,3.7.0.I20110519-0100,"",1694568553201
activated,editor,org.eclipse.jdt.ui,3.7.1.r371_v20110824-0800,"org.eclipse.jdt.ui.CompilationUnitEditor",1694568553206
activated,view,org.eclipse.jdt.ui,3.7.1.r371_v20110824-0800,"org.eclipse.jdt.ui.PackageExplorer",1694568596198
started,bundle,org.eclipse.wb.os,1.1.0.r37x201109091012,"org.eclipse.wb.os",1694568597421
started,bundle,org.eclipse.wb.os.win32,1.1.0.r37x201109091012,"org.eclipse.wb.os.win32",1694568597424
activated,editor,org.eclipse.jdt.ui,3.7.1.r371_v20110824-0800,"org.eclipse.jdt.ui.CompilationUnitEditor",1694568601238
activated,editor,org.eclipse.jdt.ui,3.7.1.r371_v20110824-0800,"org.eclipse.jdt.ui.CompilationUnitEditor",1694568601274
closed,editor,org.eclipse.jdt.ui,3.7.1.r371_v20110824-0800,"org.eclipse.jdt.ui.CompilationUnitEditor",1694568601274
activated,view,org.eclipse.jdt.ui,3.7.1.r371_v20110824-0800,"org.eclipse.jdt.ui.PackageExplorer",1694568602356
opened,editor,org.eclipse.jdt.ui,3.7.1.r371_v20110824-0800,"org.eclipse.jdt.ui.CompilationUnitEditor",1694568603045
activated,editor,org.eclipse.jdt.ui,3.7.1.r371_v20110824-0800,"org.eclipse.jdt.ui.CompilationUnitEditor",1694568603075
activated,editor,org.eclipse.jdt.ui,3.7.1.r371_v20110824-0800,"org.eclipse.jdt.ui.CompilationUnitEditor",1694568604519
closed,editor,org.eclipse.jdt.ui,3.7.1.r371_v20110824-0800,"org.eclipse.jdt.ui.CompilationUnitEditor",1694568604519
deactivated,workbench,org.eclipse.ui.workbench,3.7.0.I20110519-0100,"",1694568605507
opened,editor,org.eclipse.jdt.ui,3.7.1.r371_v20110824-0800,"org.eclipse.jdt.ui.CompilationUnitEditor",1694568613292
activated,workbench,org.eclipse.ui.workbench,3.7.0.I20110519-0100,"",1694568613325
activated,editor,org.eclipse.jdt.ui,3.7.1.r371_v20110824-0800,"org.eclipse.jdt.ui.CompilationUnitEditor",1694568613330
activated,editor,org.eclipse.jdt.ui,3.7.1.r371_v20110824-0800,"org.eclipse.jdt.ui.CompilationUnitEditor",1694568629262
closed,editor,org.eclipse.jdt.ui,3.7.1.r371_v20110824-0800,"org.eclipse.jdt.ui.CompilationUnitEditor",1694568629262
deactivated,workbench,org.eclipse.ui.workbench,3.7.0.I20110519-0100,"",1694568630226
opened,editor,org.eclipse.jdt.ui,3.7.1.r371_v20110824-0800,"org.eclipse.jdt.ui.CompilationUnitEditor",1694568639620
activated,workbench,org.eclipse.ui.workbench,3.7.0.I20110519-0100,"",1694568639709
activated,editor,org.eclipse.jdt.ui,3.7.1.r371_v20110824-0800,"org.eclipse.jdt.ui.CompilationUnitEditor",1694568639713
activated,view,org.eclipse.jdt.ui,3.7.1.r371_v20110824-0800,"org.eclipse.jdt.ui.PackageExplorer",1694568650090
activated,editor,org.eclipse.jdt.ui,3.7.1.r371_v20110824-0800,"org.eclipse.jdt.ui.CompilationUnitEditor",1694568651276
activated,editor,org.eclipse.jdt.ui,3.7.1.r371_v20110824-0800,"org.eclipse.jdt.ui.CompilationUnitEditor",1694568651317
closed,editor,org.eclipse.jdt.ui,3.7.1.r371_v20110824-0800,"org.eclipse.jdt.ui.CompilationUnitEditor",1694568651317
deactivated,workbench,org.eclipse.ui.workbench,3.7.0.I20110519-0100,"",1694568653188
opened,editor,org.eclipse.jdt.ui,3.7.1.r371_v20110824-0800,"org.eclipse.jdt.ui.CompilationUnitEditor",1694568691638
activated,workbench,org.eclipse.ui.workbench,3.7.0.I20110519-0100,"",1694568691662
activated,editor,org.eclipse.jdt.ui,3.7.1.r371_v20110824-0800,"org.eclipse.jdt.ui.CompilationUnitEditor",1694568691665
activated,editor,org.eclipse.jdt.ui,3.7.1.r371_v20110824-0800,"org.eclipse.jdt.ui.CompilationUnitEditor",1694568695858
closed,editor,org.eclipse.jdt.ui,3.7.1.r371_v20110824-0800,"org.eclipse.jdt.ui.CompilationUnitEditor",1694568695859
activated,view,org.eclipse.jdt.ui,3.7.1.r371_v20110824-0800,"org.eclipse.jdt.ui.PackageExplorer",1694568698138
opened,editor,org.eclipse.jdt.ui,3.7.1.r371_v20110824-0800,"org.eclipse.jdt.ui.CompilationUnitEditor",1694568699286
activated,editor,org.eclipse.jdt.ui,3.7.1.r371_v20110824-0800,"org.eclipse.jdt.ui.CompilationUnitEditor",1694568699316
deactivated,workbench,org.eclipse.ui.workbench,3.7.0.I20110519-0100,"",1694568773353
activated,workbench,org.eclipse.ui.workbench,3.7.0.I20110519-0100,"",1694568774509
started,bundle,org.eclipse.php.core,3.0.1.v201201110400,"org.eclipse.php.core",1694568774771
closed,workbench,org.eclipse.ui.workbench,3.7.0.I20110519-0100,"",1694568774902
started,bundle,org.eclipse.equinox.p2.garbagecollector,1.0.200.v20110510,"org.eclipse.equinox.p2.garbagecollector",1694568775000
stopped,bundle,org.eclipse.m2e.logback.configuration,1.0.100.20110804-1717,"org.eclipse.m2e.logback.configuration",1694568775304
stopped,bundle,org.eclipse.m2e.discovery,1.0.100.20110804-1717,"org.eclipse.m2e.discovery",1694568775323
stopped,bundle,org.eclipse.m2e.refactoring,1.0.100.20110804-1717,"org.eclipse.m2e.refactoring",1694568775324
stopped,bundle,org.eclipse.m2e.editor,1.0.100.20110804-1717,"org.eclipse.m2e.editor",1694568775342
stopped,bundle,org.eclipse.m2e.editor.xml,1.0.100.20110804-1717,"org.eclipse.m2e.editor.xml",1694568775354
stopped,bundle,org.eclipse.m2e.jdt,1.0.100.20110804-1717,"org.eclipse.m2e.jdt",1694568775356
stopped,bundle,org.eclipse.m2e.launching,1.0.100.20110804-1717,"org.eclipse.m2e.launching",1694568775358
stopped,bundle,org.eclipse.m2e.usagedata,1.0.100.20110804-1717,"org.eclipse.m2e.usagedata",1694568775358
activated,perspective,org.eclipse.jdt.ui,,"org.eclipse.jdt.ui.JavaPerspective",1695091040682
started,bundle,org.eclipse.osgi,3.7.1.R37x_v20110808-1106,"org.eclipse.osgi",1695091040683
started,bundle,org.eclipse.equinox.simpleconfigurator,1.0.200.v20110502-1955,"org.eclipse.equinox.simpleconfigurator",1695091040684
started,bundle,com.ibm.icu,4.4.2.v20110208,"com.ibm.icu",1695091040684
started,bundle,org.eclipse.compare.core,3.5.200.I20110208-0800,"org.eclipse.compare.core",1695091040685
started,bundle,org.eclipse.core.contenttype,3.4.100.v20110423-0524,"org.eclipse.core.contenttype",1695091040685
started,bundle,org.eclipse.core.databinding.observable,1.4.0.I20110222-0800,"org.eclipse.core.databinding.observable",1695091040686
started,bundle,org.eclipse.core.expressions,3.4.300.v20110228,"org.eclipse.core.expressions",1695091040686
started,bundle,org.eclipse.core.filebuffers,3.5.200.v20110505-0800,"org.eclipse.core.filebuffers",1695091040686
started,bundle,org.eclipse.core.filesystem,1.3.100.v20110423-0524,"org.eclipse.core.filesystem",1695091040689
started,bundle,org.eclipse.core.jobs,3.5.100.v20110404,"org.eclipse.core.jobs",1695091040689
started,bundle,org.eclipse.core.net,1.2.100.I20110511-0800,"org.eclipse.core.net",1695091040692
started,bundle,org.eclipse.core.resources,3.7.100.v20110510-0712,"org.eclipse.core.resources",1695091040693
started,bundle,org.eclipse.core.runtime,3.7.0.v20110110,"org.eclipse.core.runtime",1695091040693
started,bundle,org.eclipse.core.runtime.compatibility,3.2.100.v20100505,"org.eclipse.core.runtime.compatibility",1695091040698
started,bundle,org.eclipse.core.runtime.compatibility.auth,3.2.200.v20110110,"org.eclipse.core.runtime.compatibility.auth",1695091040699
started,bundle,org.eclipse.core.variables,3.2.500.v20110511,"org.eclipse.core.variables",1695091040699
started,bundle,org.eclipse.debug.core,3.7.0.v20110518,"org.eclipse.debug.core",1695091040710
started,bundle,org.eclipse.egit.core,1.1.0.201109151100-r,"org.eclipse.egit.core",1695091040730
started,bundle,org.eclipse.egit.ui,1.1.0.201109151100-r,"org.eclipse.egit.ui",1695091040774
started,bundle,org.eclipse.epp.mpc.ui,1.1.1.I20110907-0947,"org.eclipse.epp.mpc.ui",1695091040775
started,bundle,org.eclipse.epp.usagedata.gathering,1.3.1.R201106061540,"org.eclipse.epp.usagedata.gathering",1695091040775
started,bundle,org.eclipse.epp.usagedata.recording,1.3.1.R201106061540,"org.eclipse.epp.usagedata.recording",1695091040777
started,bundle,org.eclipse.equinox.app,1.3.100.v20110321,"org.eclipse.equinox.app",1695091040777
started,bundle,org.eclipse.equinox.common,3.6.0.v20110523,"org.eclipse.equinox.common",1695091040778
started,bundle,org.eclipse.equinox.ds,1.3.1.R37x_v20110701,"org.eclipse.equinox.ds",1695091040778
started,bundle,org.eclipse.equinox.event,1.2.100.v20110502,"org.eclipse.equinox.event",1695091040779
started,bundle,org.eclipse.equinox.p2.core,2.1.0.v20110502-1955,"org.eclipse.equinox.p2.core",1695091040779
started,bundle,org.eclipse.equinox.p2.directorywatcher,1.0.300.v20110502-1955,"org.eclipse.equinox.p2.directorywatcher",1695091040779
started,bundle,org.eclipse.equinox.p2.engine,2.1.0.v20110511,"org.eclipse.equinox.p2.engine",1695091040780
started,bundle,org.eclipse.equinox.p2.metadata,2.1.0.v20110510,"org.eclipse.equinox.p2.metadata",1695091040780
started,bundle,org.eclipse.equinox.p2.metadata.repository,1.2.0.v20110511-1359,"org.eclipse.equinox.p2.metadata.repository",1695091040780
started,bundle,org.eclipse.equinox.p2.operations,2.1.0.v20110511-1821,"org.eclipse.equinox.p2.operations",1695091040781
started,bundle,org.eclipse.equinox.p2.reconciler.dropins,1.1.100.v20110510,"org.eclipse.equinox.p2.reconciler.dropins",1695091040781
started,bundle,org.eclipse.equinox.p2.repository,2.1.0.v20110601,"org.eclipse.equinox.p2.repository",1695091040781
started,bundle,org.eclipse.equinox.p2.ui.sdk.scheduler,1.0.100.v20110502-1955,"org.eclipse.equinox.p2.ui.sdk.scheduler",1695091040782
started,bundle,org.eclipse.equinox.p2.updatechecker,1.1.200.v20110502-1955,"org.eclipse.equinox.p2.updatechecker",1695091040782
started,bundle,org.eclipse.equinox.preferences,3.4.1.R37x_v20110725,"org.eclipse.equinox.preferences",1695091040782
started,bundle,org.eclipse.equinox.registry,3.5.101.R37x_v20110810-1611,"org.eclipse.equinox.registry",1695091040783
started,bundle,org.eclipse.equinox.security,1.1.1.R37x_v20110822-1018,"org.eclipse.equinox.security",1695091040791
started,bundle,org.eclipse.equinox.util,1.0.300.v20110502,"org.eclipse.equinox.util",1695091040792
started,bundle,org.eclipse.help,3.5.100.v20110426,"org.eclipse.help",1695091040793
started,bundle,org.eclipse.jdt.core,3.7.1.v_B76_R37x,"org.eclipse.jdt.core",1695091040793
started,bundle,org.eclipse.jdt.core.manipulation,1.4.0.v20110505-0800,"org.eclipse.jdt.core.manipulation",1695091040794
started,bundle,org.eclipse.jdt.launching,3.6.1.v20110803_r371,"org.eclipse.jdt.launching",1695091040794
started,bundle,org.eclipse.jdt.ui,3.7.1.r371_v20110824-0800,"org.eclipse.jdt.ui",1695091040794
started,bundle,org.eclipse.jface,3.7.0.I20110522-1430,"org.eclipse.jface",1695091040795
started,bundle,org.eclipse.jgit,1.1.0.201109151100-r,"org.eclipse.jgit",1695091040795
started,bundle,org.eclipse.jsch.core,1.1.300.I20110514-0800,"org.eclipse.jsch.core",1695091040795
started,bundle,org.eclipse.ltk.core.refactoring,3.5.201.r371_v20110824-0800,"org.eclipse.ltk.core.refactoring",1695091040796
started,bundle,org.eclipse.ltk.ui.refactoring,3.6.0.v20110505-0800,"org.eclipse.ltk.ui.refactoring",1695091040796
started,bundle,org.eclipse.m2e.logback.configuration,1.0.100.20110804-1717,"org.eclipse.m2e.logback.configuration",1695091040797
started,bundle,org.eclipse.mylyn.bugzilla.core,3.6.2.v20110903-0100,"org.eclipse.mylyn.bugzilla.core",1695091040797
started,bundle,org.eclipse.mylyn.bugzilla.ui,3.6.0.v20110608-1400,"org.eclipse.mylyn.bugzilla.ui",1695091040798
started,bundle,org.eclipse.mylyn.commons.identity,0.8.0.v20110608-1400,"org.eclipse.mylyn.commons.identity",1695091040798
started,bundle,org.eclipse.mylyn.commons.net,3.6.0.v20110608-1400,"org.eclipse.mylyn.commons.net",1695091040798
started,bundle,org.eclipse.mylyn.commons.ui,3.6.1.v20110720-0100,"org.eclipse.mylyn.commons.ui",1695091040798
started,bundle,org.eclipse.mylyn.context.core,3.6.1.v20110720-0100,"org.eclipse.mylyn.context.core",1695091040799
started,bundle,org.eclipse.mylyn.context.ui,3.6.0.v20110608-1400,"org.eclipse.mylyn.context.ui",1695091040809
started,bundle,org.eclipse.mylyn.monitor.ui,3.6.0.v20110608-1400,"org.eclipse.mylyn.monitor.ui",1695091040810
started,bundle,org.eclipse.mylyn.tasks.ui,3.6.2.v20110826-0100,"org.eclipse.mylyn.tasks.ui",1695091040820
started,bundle,org.eclipse.mylyn.team.ui,3.6.1.v20110825-0100,"org.eclipse.mylyn.team.ui",1695091040821
started,bundle,org.eclipse.search,3.7.0.v20110505-0800,"org.eclipse.search",1695091040821
started,bundle,org.eclipse.team.core,3.6.0.I20110525-0800,"org.eclipse.team.core",1695091040822
started,bundle,org.eclipse.team.cvs.core,3.3.400.I20110510-0800,"org.eclipse.team.cvs.core",1695091040822
started,bundle,org.eclipse.team.ui,3.6.100.I20110525-0800,"org.eclipse.team.ui",1695091040822
started,bundle,org.eclipse.ui,3.7.0.I20110602-0100,"org.eclipse.ui",1695091040823
started,bundle,org.eclipse.ui.console,3.5.100.v20110511,"org.eclipse.ui.console",1695091040823
started,bundle,org.eclipse.ui.editors,3.7.0.v20110517-0800,"org.eclipse.ui.editors",1695091040823
started,bundle,org.eclipse.ui.forms,3.5.100.v20110425,"org.eclipse.ui.forms",1695091040824
started,bundle,org.eclipse.ui.ide,3.7.0.v20110809-1737,"org.eclipse.ui.ide",1695091040830
started,bundle,org.eclipse.ui.net,1.2.100.I20110511-0800,"org.eclipse.ui.net",1695091040831
started,bundle,org.eclipse.ui.views,3.6.0.I20110412-0800,"org.eclipse.ui.views",1695091040831
started,bundle,org.eclipse.ui.views.log,1.0.200.v20110404,"org.eclipse.ui.views.log",1695091040832
started,bundle,org.eclipse.ui.workbench,3.7.0.I20110519-0100,"org.eclipse.ui.workbench",1695091040832
started,bundle,org.eclipse.ui.workbench.texteditor,3.7.0.v20110505-0800,"org.eclipse.ui.workbench.texteditor",1695091040833
started,bundle,org.eclipse.update.configurator,3.3.100.v20100512,"org.eclipse.update.configurator",1695091040834
started,bundle,org.eclipse.update.core,3.2.500.v20110330,"org.eclipse.update.core",1695091040843
started,bundle,org.eclipse.update.scheduler,3.2.300.v20100512,"org.eclipse.update.scheduler",1695091040843
started,bundle,org.eclipse.wb.discovery.core,1.1.0.r37x201109091028,"org.eclipse.wb.discovery.core",1695091040844
started,bundle,org.eclipse.pde.launching,3.6.0.v20110506,"org.eclipse.pde.launching",1695091040844
started,bundle,org.eclipse.pde.ui,3.6.100.v20110603,"org.eclipse.pde.ui",1695091040848
started,bundle,org.eclipse.team.cvs.ui,3.3.401.v20120126-1227,"org.eclipse.team.cvs.ui",1695091040856
started,bundle,org.eclipse.wst.common.project.facet.core,1.4.201.v201201101553,"org.eclipse.wst.common.project.facet.core",1695091040856
os,sysinfo,,,"win32",1695091040858
arch,sysinfo,,,"x86_64",1695091040858
ws,sysinfo,,,"win32",1695091040858
locale,sysinfo,,,"zh_CN",1695091040858
processors,sysinfo,,,"4",1695091040859
java.runtime.name,sysinfo,,,"Java(TM) SE Runtime Environment",1695091040859
java.runtime.version,sysinfo,,,"1.8.0_111-b14",1695091040859
java.specification.name,sysinfo,,,"Java Platform API Specification",1695091040859
java.specification.vendor,sysinfo,,,"Oracle Corporation",1695091040859
java.specification.version,sysinfo,,,"1.8",1695091040859
java.vendor,sysinfo,,,"Oracle Corporation",1695091040859
java.version,sysinfo,,,"1.8.0_111",1695091040859
java.vm.info,sysinfo,,,"mixed mode",1695091040859
java.vm.name,sysinfo,,,"Java HotSpot(TM) 64-Bit Server VM",1695091040859
java.vm.specification.name,sysinfo,,,"Java Virtual Machine Specification",1695091040859
java.vm.specification.vendor,sysinfo,,,"Oracle Corporation",1695091040859
java.vm.specification.version,sysinfo,,,"1.8",1695091040859
java.vm.vendor,sysinfo,,,"Oracle Corporation",1695091040859
java.vm.version,sysinfo,,,"25.111-b14",1695091040859
started,bundle,org.eclipse.m2e.usagedata,1.0.100.20110804-1717,"org.eclipse.m2e.usagedata",1695091040868
started,bundle,org.eclipse.wb.discovery.ui,1.1.0.r37x201109091028,"org.eclipse.wb.discovery.ui",1695091041152
started,bundle,org.eclipse.dltk.core,3.0.1.v20110823,"org.eclipse.dltk.core",1695091041378
started,bundle,org.eclipse.dltk.launching,3.0.0.v20110423,"org.eclipse.dltk.launching",1695091041416
started,bundle,org.eclipse.dltk.ui,3.0.1.v20110823,"org.eclipse.dltk.ui",1695091041435
started,bundle,org.eclipse.wst.web,1.1.501.v201201190400,"org.eclipse.wst.web",1695091041469
started,bundle,org.eclipse.jst.ws.jaxws.utils,1.0.100.v201201031437,"org.eclipse.jst.ws.jaxws.utils",1695091041478
started,bundle,org.eclipse.libra.facet.ui,0.1.1.201202130952,"org.eclipse.libra.facet.ui",1695091041500
started,bundle,org.eclipse.pde.core,3.7.1.v20110822-2108,"org.eclipse.pde.core",1695091041559
started,bundle,org.eclipse.libra.facet,0.1.2.201202130952,"org.eclipse.libra.facet",1695091041559
started,bundle,org.eclipse.epp.usagedata.ui,1.3.1.R201106061540,"org.eclipse.epp.usagedata.ui",1695091041941
deactivated,workbench,org.eclipse.ui.workbench,3.7.0.I20110519-0100,"",1695091043448
opened,view,org.eclipse.ui.ide,3.7.0.v20110809-1737,"org.eclipse.ui.views.ProblemView",1695091045355
activated,workbench,org.eclipse.ui.workbench,3.7.0.I20110519-0100,"",1695091052280
started,bundle,org.eclipse.ui.navigator,3.5.100.v20110809-2227,"org.eclipse.ui.navigator",1695091054360
activated,view,org.eclipse.jdt.ui,3.7.1.r371_v20110824-0800,"org.eclipse.jdt.ui.PackageExplorer",1695091054360
deactivated,workbench,org.eclipse.ui.workbench,3.7.0.I20110519-0100,"",1695091056571
started,bundle,org.eclipse.jst.common.project.facet.core,1.4.200.v201103170302,"org.eclipse.jst.common.project.facet.core",1695091069704
started,bundle,org.eclipse.jst.ws.jaxrs.core,1.0.301.v201108240656,"org.eclipse.jst.ws.jaxrs.core",1695091069713
started,bundle,org.eclipse.equinox.p2.garbagecollector,1.0.200.v20110510,"org.eclipse.equinox.p2.garbagecollector",1695091069936
activated,workbench,org.eclipse.ui.workbench,3.7.0.I20110519-0100,"",1695091070183
started,bundle,org.eclipse.wst.ws.service.policy.ui,1.0.300.v201108240515,"org.eclipse.wst.ws.service.policy.ui",1695091072882
started,bundle,org.eclipse.wst.ws.service.policy,1.0.303.v201009221810,"org.eclipse.wst.ws.service.policy",1695091072883
started,bundle,org.eclipse.wst.command.env,1.0.409.v201004211805,"org.eclipse.wst.command.env",1695091072915
started,bundle,org.eclipse.wst.ws,1.1.203.v201004211805,"org.eclipse.wst.ws",1695091072916
started,bundle,org.eclipse.wst.common.frameworks.ui,1.2.100.v201105122000,"org.eclipse.wst.common.frameworks.ui",1695091072987
started,bundle,org.eclipse.wst.common.core,1.2.0.v200908252030,"org.eclipse.wst.common.core",1695091072990
started,bundle,org.eclipse.compare,3.5.201.R37x_v20110817-0800,"org.eclipse.compare",1695091073274
deactivated,workbench,org.eclipse.ui.workbench,3.7.0.I20110519-0100,"",1695091075694
activated,workbench,org.eclipse.ui.workbench,3.7.0.I20110519-0100,"",1695091097520
deactivated,workbench,org.eclipse.ui.workbench,3.7.0.I20110519-0100,"",1695091102195
activated,workbench,org.eclipse.ui.workbench,3.7.0.I20110519-0100,"",1695091104838
started,bundle,org.eclipse.debug.ui,3.7.101.v20110817_r371,"org.eclipse.debug.ui",1695091106403
deactivated,workbench,org.eclipse.ui.workbench,3.7.0.I20110519-0100,"",1695091113474
started,bundle,org.eclipse.jpt.common.core,1.0.2.v201111103010,"org.eclipse.jpt.common.core",1695091115243
started,bundle,org.eclipse.jpt.jpa.core,3.0.2.v201201243020,"org.eclipse.jpt.jpa.core",1695091115245
started,bundle,org.eclipse.emf.common,2.7.0.v20120127-1122,"org.eclipse.emf.common",1695091115313
started,bundle,org.eclipse.wst.common.frameworks,1.2.102.v201201190400,"org.eclipse.wst.common.frameworks",1695091115322
started,bundle,org.eclipse.emf.ecore,2.7.0.v20120127-1122,"org.eclipse.emf.ecore",1695091115477
started,bundle,org.eclipse.wst.common.emf,1.2.100.v201101101900,"org.eclipse.wst.common.emf",1695091115484
started,bundle,org.eclipse.jem.util,2.1.100.v201103021400,"org.eclipse.jem.util",1695091115500
started,bundle,org.eclipse.emf.ecore.xmi,2.7.0.v20120127-1122,"org.eclipse.emf.ecore.xmi",1695091115512
started,bundle,org.eclipse.wst.common.emfworkbench.integration,1.2.101.v201107140600,"org.eclipse.wst.common.emfworkbench.integration",1695091115513
started,bundle,org.eclipse.wst.common.modulecore,1.2.103.v201201190400,"org.eclipse.wst.common.modulecore",1695091115552
started,bundle,org.eclipse.jst.j2ee.core,1.2.102.v201202090300,"org.eclipse.jst.j2ee.core",1695091115591
started,bundle,org.eclipse.jem,2.0.501.v201111030500,"org.eclipse.jem",1695091115618
started,bundle,org.eclipse.wst.xml.core,1.1.602.v201201091944,"org.eclipse.wst.xml.core",1695091115677
started,bundle,org.eclipse.wst.validation,1.2.303.v201202090300,"org.eclipse.wst.validation",1695091115717
started,bundle,org.eclipse.jst.j2ee,1.1.503.v201202090300,"org.eclipse.jst.j2ee",1695091115758
started,bundle,org.eclipse.dltk.core.manipulation,3.0.0.v20110609-1525,"org.eclipse.dltk.core.manipulation",1695091116013
started,bundle,org.eclipse.wst.jsdt.manipulation,1.0.300.v201104272153,"org.eclipse.wst.jsdt.manipulation",1695091116040
started,bundle,org.eclipse.wst.jsdt.core,1.1.102.v201111090634,"org.eclipse.wst.jsdt.core",1695091116244
started,bundle,org.eclipse.wst.jsdt.ui,1.1.102.v201201131900,"org.eclipse.wst.jsdt.ui",1695091116473
activated,workbench,org.eclipse.ui.workbench,3.7.0.I20110519-0100,"",1695091116698
executed,command,org.eclipse.ui,3.7.0.I20110602-0100,"org.eclipse.ui.edit.delete",1695091116752
deactivated,workbench,org.eclipse.ui.workbench,3.7.0.I20110519-0100,"",1695091128769
activated,workbench,org.eclipse.ui.workbench,3.7.0.I20110519-0100,"",1695091130440
deactivated,workbench,org.eclipse.ui.workbench,3.7.0.I20110519-0100,"",1695091140789
activated,workbench,org.eclipse.ui.workbench,3.7.0.I20110519-0100,"",1695091145224
started,bundle,org.eclipse.jdt.debug,3.7.1.v20110802_r371,"org.eclipse.jdt.debug",1695091146349
started,bundle,org.eclipse.jdt.debug.ui,3.6.1.v20110803_r371,"org.eclipse.jdt.debug.ui",1695091146468
activated,editor,org.eclipse.jdt.ui,3.7.1.r371_v20110824-0800,"org.eclipse.jdt.ui.CompilationUnitEditor",1695091146505
activated,view,org.eclipse.jdt.ui,3.7.1.r371_v20110824-0800,"org.eclipse.jdt.ui.PackageExplorer",1695091146966
closed,editor,org.eclipse.jdt.ui,3.7.1.r371_v20110824-0800,"org.eclipse.jdt.ui.CompilationUnitEditor",1695091146970
deactivated,workbench,org.eclipse.ui.workbench,3.7.0.I20110519-0100,"",1695091150753
activated,workbench,org.eclipse.ui.workbench,3.7.0.I20110519-0100,"",1695091153213
deactivated,workbench,org.eclipse.ui.workbench,3.7.0.I20110519-0100,"",1695091157482
activated,workbench,org.eclipse.ui.workbench,3.7.0.I20110519-0100,"",1695091169604
deactivated,workbench,org.eclipse.ui.workbench,3.7.0.I20110519-0100,"",1695091173309
started,bundle,org.eclipse.wb.core.lib,1.1.0.r37x201109091012,"org.eclipse.wb.core.lib",1695091194247
started,bundle,org.eclipse.wb.core,1.1.0.r37x201109091012,"org.eclipse.wb.core",1695091194335
activated,workbench,org.eclipse.ui.workbench,3.7.0.I20110519-0100,"",1695091194822
